<code_scheme name="Default" version="173">
  <option name="OTHER_INDENT_OPTIONS">
    <value>
      <option name="USE_TAB_CHARACTER" value="true" />
      <option name="SMART_TABS" value="true" />
    </value>
  </option>
  <option name="LINE_SEPARATOR" value="&#10;" />
  <option name="RIGHT_MARGIN" value="80" />
  <option name="WRAP_WHEN_TYPING_REACHES_RIGHT_MARGIN" value="true" />
  <option name="FORMATTER_TAGS_ENABLED" value="true" />
  <option name="FORMATTER_TAGS_ACCEPT_REGEXP" value="true" />
  <HTMLCodeStyleSettings>
    <option name="HTML_ALIGN_TEXT" value="true" />
  </HTMLCodeStyleSettings>
  <JSCodeStyleSettings version="0">
    <option name="FORCE_SEMICOLON_STYLE" value="true" />
    <option name="SPACE_AFTER_GENERATOR_MULT" value="false" />
    <option name="SPACE_AFTER_PROPERTY_COLON" value="false" />
    <option name="ALIGN_VAR_STATEMENTS" value="1" />
    <option name="SPACE_BEFORE_FUNCTION_LEFT_PARENTH" value="false" />
    <option name="SPACE_BEFORE_CLASS_LBRACE" value="false" />
    <option name="REFORMAT_C_STYLE_COMMENTS" value="true" />
    <option name="USE_DOUBLE_QUOTES" value="false" />
    <option name="FORCE_QUOTE_STYlE" value="true" />
    <option name="ENFORCE_TRAILING_COMMA" value="Remove" />
    <option name="OBJECT_LITERAL_WRAP" value="2" />
    <option name="INDENT_CHAINED_CALLS" value="false" />
    <option name="USE_CHAINED_CALLS_GROUP_INDENTS" value="true" />
    <option name="SPACE_BEFORE_ASYNC_ARROW_LPAREN" value="false" />
  </JSCodeStyleSettings>
  <ScssCodeStyleSettings>
    <option name="USE_DOUBLE_QUOTES" value="false" />
  </ScssCodeStyleSettings>
  <codeStyleSettings language="HTML">
    <option name="SOFT_MARGINS" value="80" />
    <indentOptions>
      <option name="USE_TAB_CHARACTER" value="true" />
      <option name="SMART_TABS" value="true" />
      <option name="KEEP_INDENTS_ON_EMPTY_LINES" value="true" />
    </indentOptions>
  </codeStyleSettings>
  <codeStyleSettings language="JavaScript">
    <option name="RIGHT_MARGIN" value="80" />
    <option name="KEEP_BLANK_LINES_IN_CODE" value="1" />
    <option name="ALIGN_MULTILINE_PARAMETERS_IN_CALLS" value="true" />
    <option name="ALIGN_MULTILINE_ARRAY_INITIALIZER_EXPRESSION" value="true" />
    <option name="SPACE_BEFORE_COMMA" value="true" />
    <option name="SPACE_BEFORE_IF_PARENTHESES" value="false" />
    <option name="SPACE_BEFORE_WHILE_PARENTHESES" value="false" />
    <option name="SPACE_BEFORE_FOR_PARENTHESES" value="false" />
    <option name="SPACE_BEFORE_CATCH_PARENTHESES" value="false" />
    <option name="SPACE_BEFORE_SWITCH_PARENTHESES" value="false" />
    <option name="SPACE_BEFORE_METHOD_LBRACE" value="false" />
    <option name="SPACE_BEFORE_IF_LBRACE" value="false" />
    <option name="SPACE_BEFORE_ELSE_LBRACE" value="false" />
    <option name="SPACE_BEFORE_WHILE_LBRACE" value="false" />
    <option name="SPACE_BEFORE_FOR_LBRACE" value="false" />
    <option name="SPACE_BEFORE_DO_LBRACE" value="false" />
    <option name="SPACE_BEFORE_SWITCH_LBRACE" value="false" />
    <option name="SPACE_BEFORE_TRY_LBRACE" value="false" />
    <option name="SPACE_BEFORE_CATCH_LBRACE" value="false" />
    <option name="SPACE_BEFORE_FINALLY_LBRACE" value="false" />
    <option name="SPACE_BEFORE_ELSE_KEYWORD" value="false" />
    <option name="SPACE_BEFORE_WHILE_KEYWORD" value="false" />
    <option name="SPACE_BEFORE_CATCH_KEYWORD" value="false" />
    <option name="SPACE_BEFORE_FINALLY_KEYWORD" value="false" />
    <option name="CALL_PARAMETERS_WRAP" value="1" />
    <option name="METHOD_PARAMETERS_WRAP" value="1" />
    <option name="EXTENDS_LIST_WRAP" value="1" />
    <option name="EXTENDS_KEYWORD_WRAP" value="1" />
    <option name="METHOD_CALL_CHAIN_WRAP" value="1" />
    <option name="TERNARY_OPERATION_WRAP" value="1" />
    <option name="FOR_STATEMENT_WRAP" value="1" />
    <option name="ARRAY_INITIALIZER_WRAP" value="1" />
    <option name="ARRAY_INITIALIZER_LBRACE_ON_NEXT_LINE" value="true" />
    <option name="ASSIGNMENT_WRAP" value="1" />
    <option name="WRAP_COMMENTS" value="true" />
    <option name="WRAP_ON_TYPING" value="0" />
    <indentOptions>
      <option name="USE_TAB_CHARACTER" value="true" />
    </indentOptions>
  </codeStyleSettings>
</code_scheme>