<application>
  <component name="CssEmmetOptions">
    <option name="fuzzySearchEnabled" value="true" />
    <option name="unknownPropertiesExpansionEnabled" value="true" />
  </component>
  <component name="EmmetOptions">
    <option name="addEditPointAtTheEndOfTemplate" value="true" />
    <option name="filtersEnabledByDefault">
      <set>
        <option value="bem" />
        <option value="c" />
        <option value="s" />
      </set>
    </option>
    <option name="previewEnabled" value="true" />
  </component>
</application>