<application>
  <component name="MaterialThemeConfig">
    <option name="highlightColorEnabled" value="true" />
    <option name="accentMode" value="true" />
    <option name="isHighlightColorEnabled" value="true" />
    <option name="overrideAccentColor" value="false" />
    <option name="pristineConfig" value="false" />
    <option name="tabsHeight" value="16" />
    <option name="accentColor" value="515658" />
    <option name="highlightColor" value="1bff1f" />
    <option name="selectedTheme" value="MONOKAI" />
    <option name="userId" value="-2a2be903:17243b49a31:-8000" />
    <option name="version" value="5.2.0" />
    <option name="tabHighlightPosition" value="Bottom" />
  </component>
</application>