<application>
  <component name="AppStorage">
    <histories>
      <item value="finisht" />
      <item value="Inspection info: Reports &quot;magic numbers&quot;, i.e. literal numeric constants used without declaration. &quot;Magic numbers&quot; can result in code whose intention is extremely unclear, and may result in errors if a &quot;magic number&quot; is changed in one code location but not another. The numbers 0, 1, 2, 3, 4, 5, 6, 7, 8, 9, 10, 0.0 and 1.0 are not reported by this inspection." />
      <item value="Redefinition of 'name'" />
    </histories>
    <option name="languageScores">
      <map>
        <entry key="RUSSIAN" value="2" />
        <entry key="DUTCH" value="1" />
      </map>
    </option>
  </component>
  <component name="Settings">
    <option name="googleTranslateSettings">
      <google-translate>
        <option name="useTranslateGoogleCom" value="true" />
      </google-translate>
    </option>
    <option name="ignoreRegExp" value="" />
  </component>
</application>